<?xml version="1.0" encoding="UTF-8" standalone="no"?>
<BlockMap xmlns="http://schemas.microsoft.com/appx/2010/blockmap" HashMethod="http://www.w3.org/2001/04/xmlenc#sha256"><File Name="cpprest140_uwp_2_9.dll" Size="1052672" LfhSize="52"><Block Hash="6z5Ape0k2R+pSoqnYWXBIBrfRIloqRUoNdr8IB1WllA=" Size="25516"/><Block Hash="DxQzLvEsvF7G4dB/OnOZ3btHahjsPgZoYIu4/AzD9wo=" Size="19687"/><Block Hash="5BucBbgWgGbvLCGDrFp4bWg4oFCZzFnKY3Wn+glgL9c=" Size="20912"/><Block Hash="UdCCPXID4/R1FbrQehVpJgrBreTpiiEhaqgEcta/EJA=" Size="25594"/><Block Hash="MflXn2vmgnsGSAAQCI0qBHN6++FO/RF6GhHJ3+jeFNs=" Size="23110"/><Block Hash="4fkE6akQOblYPgq+oNnNc6R3SfQGGKA6DSIGEDNKEDg=" Size="30462"/><Block Hash="tGT3X9SurMjqYs0Z/Tv9wOYv9KhneY2E5LaCGzztD90=" Size="22832"/><Block Hash="UP+aMJ5MbQ2OyCjq2Mzya5eOQoBHD0HcPssooXAOBGk=" Size="15092"/><Block Hash="+yRis5mXmQh6HezE0FU44pSf+RvA8PXqZv4UxMtREbk=" Size="21427"/><Block Hash="WXY3yeGn+wQmmskmrYW+mRZnjN6pSnLk4qadxPo4h9E=" Size="27181"/><Block Hash="IHlE8DDxCb9gaeJTYJmPhXE7qtr5KFGtd323RqPQBV8=" Size="21242"/><Block Hash="A2JVxptK9F4oWarSHkxe1Wa8SrFARFcSh/6yFHRXfhM=" Size="17932"/><Block Hash="R3XIVxYTMR1I+LtGfaUvK7N88FLxJ1Lx2wyRVe2RsAQ=" Size="16514"/><Block Hash="sqs3ZvAl9lNdC21k73MzdNWbeJ/KrUw0qdkS9VIJXQw=" Size="16338"/><Block Hash="nrB+GE8CtC1AFdV/FYNgMmj1iO20qO3I0l1RZDfeabk=" Size="8234"/><Block Hash="ekw4frRu3iHped9lethdCFy6yxFOfn7F5bwvSOffmvQ=" Size="34783"/><Block Hash="eWL3qoUpAu8jsPy4cOevA7Oo1dwmX0NRwaIlbTlKZao=" Size="2735"/></File><File Name="Microsoft.Xbox.Services.dll" Size="9481216" LfhSize="57"><Block Hash="cXaaG9mW6h8XzCkcIUQBTzq93UepVsQIj5KQe/5fS9A=" Size="22641"/><Block Hash="QJshTiv+9V6Xvtf6zKCXJh9SHQPXN1DHaCkJMtGEEKQ=" Size="19519"/><Block Hash="qtRrhEUnYmYvTlB7oJRAjEnegAXdzSB0/CRqubFYeZ8=" Size="16538"/><Block Hash="1Cuqgq8/UnpRPiy/Ah/JboT4qqDOuhyUur4y0CGVPp8=" Size="18143"/><Block Hash="bqTroieMb2RLqjp/0YUK3f5fB0qIf4/d3v6B5PXSrTs=" Size="22053"/><Block Hash="NzfnBB0Erf82R9i4XHCbq/6Lw12bbp2ou7lW0/S0TSY=" Size="19213"/><Block Hash="w38uifHNyRVfSCqTSUgukd+q3oPvKTsrgQNbqVsuBVA=" Size="18255"/><Block Hash="RZbPtf+jWQTmFALbkug8Ufp37AQ8hc544V5i3Nz2twE=" Size="12310"/><Block Hash="jE6lt/4TJODtK8SW56rXn1jyiddbnG01WfqPTSr+uM4=" Size="14645"/><Block Hash="pMK64p8Bg1aTU6FXhd02HbfT3zMPzOz+xHsSNDSQA/g=" Size="20077"/><Block Hash="AUSzSL4XfyAZeKYGZF0R6Q/6ROdU0W7B3X7p8Q7OUlE=" Size="13252"/><Block Hash="8eBbCQYl7ViBTZj546pLmiYr5wM3brCaEzwAp5/yPYE=" Size="16872"/><Block Hash="JBJhUl7hYbzpH5jyEko/B0E05M6LImdzvptVcWjKj1U=" Size="16116"/><Block Hash="dariwLQu5u0upVvN9gshSzx4m69b48N+d8Dj/Wo+tSA=" Size="23918"/><Block Hash="BKGrX/tUCp1I4MPjtsJ7JzBu1U/fFat0PwC9ulQSNao=" Size="11999"/><Block Hash="0S+gxoiKoQbPVcdHw2/CCtJLLR/scOaZTlnWzXAoCfc=" Size="12552"/><Block Hash="UcY9KgWAMDH2HqdCTyu4aXrpBU8ZREQ9pezRszlpKg0=" Size="9995"/><Block Hash="cpthylDSGnP1JS4+O2MsiYFgNS0omp+De5DAbhaMv/E=" Size="10754"/><Block Hash="1EVkqWJy/tOb6ZAXzjBkKr4OfKuaX6wbUbzEHXXAy6E=" Size="24116"/><Block Hash="hUIC2PDdCysk07TlVUy/swaqaDix/wl0D8TwomsCrSs=" Size="23081"/><Block Hash="vZekHAU9f5/sisYkptqRDMDADjsbovOvmCBhor01XRE=" Size="18040"/><Block Hash="uWatpyszSPVpTtkX9z+z5yWkVEGxlqeGAVgnA7FHU8Q=" Size="17628"/><Block Hash="N/sumK2BE0IRmt6YqT2poEJ/3s9JxCyzJXuTjjNoAGs=" Size="17590"/><Block Hash="sEdDb9d3uOE5PjbpB151c8Qbmy56WLa0lLtnh7XLRAA=" Size="24210"/><Block Hash="smQdYxbMQEmtd+0C+Y+zYPOSIcGbCqWSH8MIwABKBNo=" Size="19827"/><Block Hash="Et/2y/yqaTSWpWZ7fXR3DjYsF30GhjvwrXU9sDjeLiA=" Size="12012"/><Block Hash="AHW4KbbxAgNnVeT/gFp3pSl7SdjfTDha+BTNd+2JM1c=" Size="17592"/><Block Hash="fk/TuPyORc9ejMBhnuoxAG6BFLkR81I+aGdulHxyh7E=" Size="16681"/><Block Hash="W9nIJE3kNoD+Zghg4nl4SNqgkct1YggCMNuJS+DJZWc=" Size="16476"/><Block Hash="DrPiPJWRZNZYJEIuoKP6h3f7Rz9vVb56K5Iz9ICI0Ag=" Size="18128"/><Block Hash="6S8AfGiOtk01hktR/uUMeSDASKlDI31/hsBQTbn36vw=" Size="18796"/><Block Hash="KBizkG1NXjHj2TL6k0WjAASw4xhxMAi99wf3uEpTkuM=" Size="14678"/><Block Hash="kF+IYr0UlVAhNEjVcMi+DXdKyEl1JTLzfvR3Rwof/XQ=" Size="18873"/><Block Hash="DavTcMkOi8J9M9/pdDSsw3lMc0PjDbVzQHOzhhFJeig=" Size="23825"/><Block Hash="mlZ0pz0EpdiCYLR6IsPNgYOamLQgM9FAK1vu91dYLvc=" Size="19028"/><Block Hash="tq13pwRZiOeRxDGMwj6uPkUWbyFlzOY1qSPxzdwVDt4=" Size="20299"/><Block Hash="bZphDZlQNXdHwcp7tiZEKgI4adsf96wAwpXJOOJNrtM=" Size="22847"/><Block Hash="bnbiuv+EDCoClyfdfCYCmg4L4IQsHSz7ZFHwF4iDLsw=" Size="24180"/><Block Hash="Q2LCj4UUbFK/HlitYbpv5q/K4JjBgtfJ0RXQ2Q/hPZo=" Size="23157"/><Block Hash="Y0f2jZDBsErmHxkOFcO24nXPq7+Nf4v957uQCiUwX48=" Size="24799"/><Block Hash="Cy0/GWpTit3nA6Xjdd55CapNATpPHBOR/+lJxY8/JCM=" Size="23743"/><Block Hash="9SvsjE3Q/00YLcYMAOK53lnVdJKj/RGl03jgGK1lQYo=" Size="22815"/><Block Hash="XcXU+EGLBGRE5QoTvyQr3oEEc7Afryv7BDFt/xTYa80=" Size="22628"/><Block Hash="pAMsioMk8XT8BYg21xtn+5wuBOLmIjr9Ct4qTbG13Fg=" Size="12950"/><Block Hash="m8A8g6OkqAdUgtyug2V8pZpfcMjYj+Y97Tso9kd/1ow=" Size="10473"/><Block Hash="IoIijSph3O0jnsstwDbXb8uE6+Twz/nNnowJnjRWE7A=" Size="15212"/><Block Hash="j+AoiTxZk7CqLMh3Ub8wZ7Xyk8UCStMBLmmAnJurg/c=" Size="22605"/><Block Hash="vy/ONn765dk801EjUa2iT3u+aB5OrWSfK1Mj61pIm64=" Size="24285"/><Block Hash="WVK7g1ZJUsKmOhlyfskoOGtiikQSNaL/9LZqW9TqVqI=" Size="14772"/><Block Hash="+M7c7mlTGT7u6KbyIR6C+YBvIHfVGrFoNPvg2i2vv5g=" Size="22990"/><Block Hash="pwEcvxkvD233QaPiH43PgsJsGmHFED0Cx5GIzly3MFs=" Size="22821"/><Block Hash="7ycJW0+OESPgu2Hl5ainmMu7WB6SIwpy/oxUBmG+lf0=" Size="22411"/><Block Hash="djdpNBeyoe8HQzBNqPmMTwZAaku2jCtktaAarjw9fA0=" Size="17798"/><Block Hash="dhp7lCqmd09aUFg6qbFDtLSIBnNwCRzAsc6c0Fa5jA8=" Size="21969"/><Block Hash="ZupAp98413kb09zhRSJOtjfe/ggDojlr1/V6TsbjY6E=" Size="22845"/><Block Hash="gdaHEmIASKyUGUkkVjkP0fl51nqgbgZGwCiD5PmTnTI=" Size="17918"/><Block Hash="O51TYQspPNg+clZWZzfV+lj6pLn5pAy+RwL2uovOCK4=" Size="19195"/><Block Hash="jAzXc5aEBwyC9tRkVq2vBQqysum5psa/PWyciDK/uLY=" Size="26525"/><Block Hash="0QROdrmFriMIkxPtTwFM4TSctaWnhCeSnoycKddp9LY=" Size="24505"/><Block Hash="QwRl4dYo4yZsfG8DwKoSg0/axQTY8jWIZArhoJMxCcw=" Size="21995"/><Block Hash="T0bINy8JmPrZhmmSYiZ9V7VOqik97PLF85K2zyiC/tc=" Size="16933"/><Block Hash="EaXeYOP2nMBG4j0EjbjoaB3NpHXmP08aa6cvH2XvuzQ=" Size="26739"/><Block Hash="GxFEOBPMWGDvWiv+p27NEnZDuGIgS6b21guqJCQE5kE=" Size="19966"/><Block Hash="paD65m0Mb80HLZAxrog/xI4Kl1Q3w2KFG+XHEPmxDyo=" Size="21006"/><Block Hash="MBoynAEz4ZWqb17aqBKJWBstG6BIGec47XgjcH41X14=" Size="24816"/><Block Hash="E7KJHvRRb4q0hU5heRnh3ddnoMk8vtuIAu4w82cVXic=" Size="21784"/><Block Hash="xWJwjtxpX79on4LCRS+4HIYhG+IBGuVgtdx/JJRdi2w=" Size="19264"/><Block Hash="Y/AR9Dca7uINTvGND3865XTkj9petbMPM3ai8mzDwA4=" Size="21598"/><Block Hash="2CHzkoVdy0v2vlgGK2PveIFlOzBdGEajYYPHiFXcfa4=" Size="21428"/><Block Hash="yE/H8qAP0l2riBfjwW4L4mN1/VegXw0BWv8uNRTSj7M=" Size="18389"/><Block Hash="HkIlaBsli0mqk4JCD86b3Tv2co5vRJb9Hqq7TxeaJEI=" Size="19744"/><Block Hash="H3AH6gbQpottp3eL/BsA3H9NEtVLhvPPokAQobGQBjw=" Size="24376"/><Block Hash="hw+rfBk3q+Wb5TN1+GErktR9qfeX2F0QbGUbRpxOj1k=" Size="21199"/><Block Hash="6kPiIwcMDV38y/CkT1z0Qpfc/vffMnZJSFoP9OKsFP8=" Size="19258"/><Block Hash="s+wlq1bzENA+bFJ0T3R9dSpl2VVg6yKeMlsbumSt10c=" Size="26237"/><Block Hash="gfMJ30Ly44DXygDGVQ3ZMZXHYSXgbVVgqTk8a1pvdlg=" Size="16958"/><Block Hash="Vjm/SoyMLOB+KT4fzTevGWodyZ7nK5paErErj9g5YbU=" Size="18775"/><Block Hash="qCa4wBU9A6pnOCL+LpFeAYPUOiNlHIqq1A+VrPhkqGo=" Size="25508"/><Block Hash="VVI4hReB7UFn6lomyUbkPCadUDCA8NWZJJS9jnsjZ8w=" Size="25314"/><Block Hash="bey7C7cj3ji5fD3CRzXSOPhfbIHYfq+yXzmcbVv7XQM=" Size="23315"/><Block Hash="RwHdZHc0A+hVU4YeyAcfqPdRgMEycnX39MyXRRITaAs=" Size="21133"/><Block Hash="ygbAokh0mekaCQUvu86D6dBcx5RUiumx2QL3m6vMquk=" Size="23247"/><Block Hash="S0Kel7/io4v+S/FJJ2zXqyFKQEhbA7puJs1xTcdWdTI=" Size="21459"/><Block Hash="drewnSGW+PFczGw4x5chL68q21sZwTX8vMhzd2c2bio=" Size="23884"/><Block Hash="qKfaclb3IUprqHuT2T7LK7qguLfPwJQ1ITHqjsgoZOw=" Size="23983"/><Block Hash="Pq1ZotuH1l3GdXmc8bc19XYys6QY15UA6ELnW2ZIW+k=" Size="24673"/><Block Hash="N1eDzrqc2xG9GC8xpeHe++esqbMIgMdCZB4o3A04LyQ=" Size="24620"/><Block Hash="PKfg64pC4hXQIL9Cid7E3kkHmYWjOxFoS6oR0XCt/rc=" Size="25247"/><Block Hash="LDFjKVEq4KDuFCKFLQ+lNaUy4jlj+iAhlszAVbFy5FQ=" Size="24465"/><Block Hash="yRzCm6hg5Wxkw1/de0JrMJXwJk5Wdut7QleFteDp/mE=" Size="10159"/><Block Hash="JiXZgagrYGZLgl6AG6zgZf6gWL3Wd+PNj7Uo4sjaCj4=" Size="13273"/><Block Hash="01WwcgCvRWLT1vFLnosd7ih8QXofs+VR0cutoHNSeGM=" Size="16033"/><Block Hash="I7BYlo6Rrhdh7Ml7w5Qid6fThMhfV+0A0Pa2nuADKBI=" Size="18693"/><Block Hash="2V706jmcuimCyiCNumNjT4W9duqjkUOuUqF6rmZ1yj0=" Size="15234"/><Block Hash="QlkZI/zUx480DWBdCJlvXLmuwZQIoNRcSpBN+um+a+o=" Size="13951"/><Block Hash="QwayVf0io/1QBWGNMKlGqtTJIkVfoEO/iP6uIKftxZE=" Size="14290"/><Block Hash="dPBdVsBVjMi0ZGXjlElpdfrkowugq9nhPVwDi4i67V8=" Size="14143"/><Block Hash="R01mgNo6c1YjH0pgskmNXb9hTeDnXpuQdEsdeydnoos=" Size="14387"/><Block Hash="G7JCmXAIjzUukQq+vYOluv9DgOZt3h8P8N4zMiQMeSg=" Size="14807"/><Block Hash="f7os1aA+wkFQVn2Q/pStO2lkfqkUlKiScpa51hiFQ7E=" Size="14848"/><Block Hash="/rA2QJVrynpwsuJ6v36QgPkh13QWSQdWNjSK70wX8ek=" Size="15334"/><Block Hash="7kLRfhvubOIm+M4kdXgqUfTK3gJRk0fFw9H5190wuBE=" Size="21014"/><Block Hash="/qgI6iDoYg6HxggTJDQaAJBx2IG5G3loSZN4qX6hhnQ=" Size="14161"/><Block Hash="tfPX/GAHTLWRSHSERHDIw11P3xXzS86xq0hMgZ34d0E=" Size="14997"/><Block Hash="sRyJ0WlHe28j6oxEIytDLnPgRe6rrhoGXgR9VfbtcSA=" Size="10834"/><Block Hash="D0qlcfrVc28W2cO8fkFTOWLMf4K1/2SP0R7wBUo/ChI=" Size="16686"/><Block Hash="tZnSBSj7WPOzsvoeApBIwbOWUuj57RPnctwxOTxGjj8=" Size="15993"/><Block Hash="nNc64x9oEr/KlfG2WSKBY2ViK3P+QrWCgMcmjtCXkBs=" Size="16960"/><Block Hash="2dayQmC8xaRiNBKAuoOJaO5Uanm17pYNtd7SimpUnNE=" Size="17008"/><Block Hash="sRL5lEh4AUwWu3qnXkB+Iyyg0DcCPPYoZw7lNLwV3AA=" Size="17983"/><Block Hash="KvyyZhSAJ6BMX3I/PXT/bTs5dFYmyPFUhFOvbr8wcz8=" Size="16415"/><Block Hash="U496wOQ4/272yD7BsqBsuEEEhvVJ6mnvPZXrMcRLxc8=" Size="16849"/><Block Hash="EWfpRd3mim8QEf2lKAVTLFhONZN3Dak1XIydZdb3J1s=" Size="17337"/><Block Hash="u14isuqThuaZf4Jb95wBEWehJTcF5FO/YB+WJTPxqaM=" Size="21868"/><Block Hash="MKfpA2NtJfUBhcyjF4wxKNOb5mtDK0yJqFjm0UOfF+o=" Size="25362"/><Block Hash="rmyqsws83fwMmaUJqv7q2plIPfHjUe11lmbfCcjSy5Y=" Size="27126"/><Block Hash="zxZgjTgf9dNp9WIGcRG8QKApSZ489qpYWrvs2aupdt4=" Size="28089"/><Block Hash="hsJFEDYn0Vqm9j87SaxUmLY5wfTalxNtoPrIRBHGvf8=" Size="24525"/><Block Hash="S/+q680t1bCVUL0NCICj6hubaInU2o+UxcBslIaHyxU=" Size="5903"/><Block Hash="HkW6kKV9Y4jD4lg8L8ngqSlYi3w7KYNlCbnwkp12wIo=" Size="5783"/><Block Hash="1NpppVHwj6q0kFdcn3uLO/1zTtqMLnkd99bU0/nSVAs=" Size="4972"/><Block Hash="QXccgSsNG06DvL+Y6H38jcwcZIKxeSeAC8f/n5bmWR0=" Size="5510"/><Block Hash="B9f+QzQhY4gobGaom6KsXcKd0j4eM6fMzlqhfyDNLjI=" Size="4518"/><Block Hash="GXwO9ae/fuxg8nEGif1PX+jjboFw7YzJQzLrrom3XnI=" Size="5348"/><Block Hash="GESQNMrEUP3R4Sb6Y/YBW6vnh9uE00ju3oLnSBYJTjg=" Size="4411"/><Block Hash="yOF0WGSGuWLnyqodi7NjYByMhvpdf9G6PL9+Iy27MVY=" Size="5839"/><Block Hash="RCm0x/Bv7bjm3fXWpcMYssXxuK+tPqjAPZ/1Ebs4bm8=" Size="5439"/><Block Hash="EXH8UvETA7pzMjywBzygfRV+r/RhgZvYLuc68wD0fY4=" Size="5103"/><Block Hash="fj+OAdn5WbFwa5H0J0KU3nsqa1vtcn5KM+rvS4mYRR0=" Size="6059"/><Block Hash="jysZNEYx+Hgt2eVuIfAKh1qKLbkqotNAGeeiW9NeQv8=" Size="5075"/><Block Hash="F88ilJITQITdWMKoi9+KZHaxCHWJc/l/PwVGCKBmIoI=" Size="5478"/><Block Hash="pI5uULy2FXd1n+JwO05h3BEmLun+Y3TuG5gAAj8ULXI=" Size="5245"/><Block Hash="1YSe4S2Cr8pFUg/JzJSKyvPB7TGX98YIJe6Ro+oAphs=" Size="4765"/><Block Hash="n403gP3B8oUPBbwKHsR4sXe84GUJ1YAnmWQbooNdJLo=" Size="5463"/><Block Hash="LF5VdexbbWm5aPngmZEhAxUA6vEnP5lXcLn05GSG6HU=" Size="7678"/><Block Hash="VVqawGZGFCgOXxCbc4ghrAeDAPyZ/P8aaiCBMBJMDKA=" Size="35884"/><Block Hash="cNUfmo4KZt/KyTfC2GFssLjdl0T+Uu0RkL9n/VBMMec=" Size="45538"/><Block Hash="J3cHmsZYGJthuuiylRBv0RslrxOYLseBEX33HIY4Z/0=" Size="46881"/><Block Hash="n66qFa4i0vd7HcbDuDRufcuTvchXNbjayETaZiKhwaw=" Size="41098"/><Block Hash="8fUNUC7IJ9aonzCsnnWTb7nuF+I6JLhoE2C8CJS38MM=" Size="16219"/><Block Hash="1c993lRHcKp8dkj6y4gnYA/Kzu4Fwf5wmMQps4eE4OI=" Size="20900"/><Block Hash="sEAHUu1VMQWIH3Zq/4IOQgg0H/z+TccLKOhkdVV2nD0=" Size="19224"/><Block Hash="0gjFt1WTUsHEO5BbxwBJcOgE/FRrEMVxRhrc0P3EQe4=" Size="10602"/><Block Hash="rcmDeVp2lWLgRVUuWDFaMoBbZLHqDJ2MHdhQwYSSX+M=" Size="2160"/><Block Hash="hKTk6kv+TigVOGg18vm5cTQYkpzy8EcnOtVcPUZOgV0=" Size="11361"/></File><File Name="Microsoft.Xbox.Services.winmd" Size="200192" LfhSize="59"><Block Hash="XNj4ZabNpU/PaC7xxeYuEOCUQ4R2sIcpm2Px1C82+cg=" Size="18731"/><Block Hash="XreeX9oC7GXjG4BjtRQusw7gJXUEqZ8zbNo+3aacupQ=" Size="27078"/><Block Hash="BnuOObyFH1XZrq8rT8QSnNL29F9UFLxV6t3JjnnD82g=" Size="19886"/><Block Hash="8CTCm9rs3rVl2gSt4oeeWWiDGka0dzMJQF6Ejs7qmtw=" Size="1515"/></File><File Name="Assets\LargeLogo.scale-100.png" Size="6165" LfhSize="60"><Block Hash="hhI/ufYbHKIN/FyYXOvhPV8Hppi35nHqzExO3RWCOLA="/></File><File Name="Assets\SmallLogo.scale-100.png" Size="1226" LfhSize="60"><Block Hash="iwXgOEruXOtYVXeMEh6rz4JmPZ+fv+ezzMbebua398w="/></File><File Name="Assets\SmallishLogo.scale-100.png" Size="2469" LfhSize="63"><Block Hash="hgEfyhbGhg8qpU2OcePf0xEi9/f98+WX/OLhoTuEioc="/></File><File Name="Assets\Logo.scale-100.png" Size="18118" LfhSize="55"><Block Hash="vTE9QamzIwhCPZRQyJj6An/juC9H2egyHzgclYm2JPU="/></File><File Name="Assets\SplashScreen.scale-100.png" Size="27078" LfhSize="63"><Block Hash="C5wZ01X7tAl2+qUunYfXMOh6ShYhLpNyGBQ/BODOd70="/></File><File Name="Assets\StoreLogo.scale-100.png" Size="16063" LfhSize="60"><Block Hash="DmfK5fJnUe28TnPXMnbzVgyDb7Vcg/NDgJXSNpRYi1o="/></File><File Name="Assets\WideLogo.scale-100.png" Size="18524" LfhSize="59"><Block Hash="pM6fORjWcMeJfSDiXwkuEX/ti2+dqPzcTpz1IYW+1IA="/></File><File Name="game.dll" Size="7680" LfhSize="38"><Block Hash="bR+gsJYK1LOE8+GLDN7pJbMLoTUlkE5NzixCifJ1Tc4=" Size="3383"/></File><File Name="CurrentAppSimulatorLib.dll" Size="17920" LfhSize="56"><Block Hash="pE+6BXUvn4Z95yOZMJy3UW1jxMl3O91UM8HGaY0RidE=" Size="8192"/></File><File Name="SVN_Lit_PixelShader.cso" Size="1632" LfhSize="53"><Block Hash="km9K4yMd118s3K/3vZuOjn8NQSVnbYpsKwMW7TSWZ24=" Size="788"/></File><File Name="SVN_Lit_VertexShader.cso" Size="6132" LfhSize="54"><Block Hash="aYZi4N6g3EiNOxguC5rGEto8G/R13sL3JOy7uA39sdY=" Size="1725"/></File><File Name="SVN_PixelShader.cso" Size="1632" LfhSize="49"><Block Hash="km9K4yMd118s3K/3vZuOjn8NQSVnbYpsKwMW7TSWZ24=" Size="788"/></File><File Name="SVN_VertexShader.cso" Size="1968" LfhSize="50"><Block Hash="23ozLeLW9ue7wNwViYG8DLlc0RN6Xa+PRFRwJPmnXpc=" Size="836"/></File><File Name="SVS_PixelShader.cso" Size="1344" LfhSize="49"><Block Hash="OBCHOJXdyd0TTscu94dm2RbR9Ea99f6R/L/NxtMgOSk=" Size="652"/></File><File Name="SVS_VertexShader.cso" Size="1812" LfhSize="50"><Block Hash="CSfx0pXoM8b0YYX18CpFX/iWGwcCoNQZQa+tA8YPBO8=" Size="791"/></File><File Name="SV_PixelShader.cso" Size="1632" LfhSize="48"><Block Hash="km9K4yMd118s3K/3vZuOjn8NQSVnbYpsKwMW7TSWZ24=" Size="788"/></File><File Name="SV_VertexShader.cso" Size="1936" LfhSize="49"><Block Hash="I6de1S+A7utxr4W9rvUykc//Q0SysNitce+NS9DdF+I=" Size="824"/></File><File Name="WinUAPRunner.winmd" Size="5632" LfhSize="48"><Block Hash="pQbTjG1jUfJ1N3ApKuFHRvH4qGqAmfAbBavCOL5i4zU=" Size="2396"/></File><File Name="WinUAPRunner.exe" Size="5143040" LfhSize="46"><Block Hash="p5EmVTy6tGvzFOPQLhlqveXlq34a87+qD5n1w6lP+XM=" Size="34859"/><Block Hash="CU6EX44qGoHgbWCa2ffTM5EHzXv6Y8OW5EbkapwcmcU=" Size="34482"/><Block Hash="GDfE3c3kBaXTHMt5Q1jfdNTLkUk2G180DuO0lDVxgBg=" Size="27164"/><Block Hash="75QQtjLx9B3XLb7VmW8FAgS4aojoPD5PZ//4tWYQN5s=" Size="28407"/><Block Hash="f2gFBHbm9S/MwPI9lZNAFKShIead1F096vUOinvWrW0=" Size="29284"/><Block Hash="QWZlbEaBhVUl+c1p1MUdtJsIlSkCOoka8p0gSLb25Cc=" Size="29721"/><Block Hash="qyXHFtejaGWvy6IpLZ5HlJVEVSISzAg5glKyf81OBsw=" Size="23499"/><Block Hash="PMiS/pyILvTl/huKopW32t6DthHt9wNsFHX1I8LZOV0=" Size="29239"/><Block Hash="otafAonTZY0WSmtGspvj7+JgUtENBB8V+WXZwJ2qXk8=" Size="25980"/><Block Hash="LFfnqIpZwkmFcPFTLmYKX0dyp8HC9NgogaxDYEMqYi8=" Size="24962"/><Block Hash="E0qk8g5ja+WLpBlR7NZDo5FjjSg1XSZ4jfewsAVWHrg=" Size="24705"/><Block Hash="zXKaT6HFFbDIxWAUo4sUWLqpFjjNIHN5HXoyTY/5/RA=" Size="25155"/><Block Hash="22fjjozC82agkySoa1woAqnnTw2sUEHfodtK+w+GrJU=" Size="21804"/><Block Hash="MF1GCuzwm30mTnjpvqORrDoIPg2qkXmCIkki9ZLQWkU=" Size="25975"/><Block Hash="Af2qLgA/8TH5U/kCLTIUloWLjx7fGT9jDrcM8u9uMrA=" Size="31074"/><Block Hash="uJntQSZYtAbgOv0A3d3cVckRrbl5tyOAdQ5fQqNauoU=" Size="32157"/><Block Hash="hzyjpRREw4GMXkK8wWLeI30pOUwKJmgD9dzYJ/2HuT0=" Size="31569"/><Block Hash="sBAnyHnZhwCYbkY68MnA317zKABhyxaO1ARMZKt/0ok=" Size="27460"/><Block Hash="d6agcQre0q5ae9QCTEqdv6Y7yW3m/zIAw2fKm9FQiDk=" Size="29948"/><Block Hash="Y6JYY6gwqd5pTB0akli6reBOejCQbZVshT5QDfl1/q0=" Size="29216"/><Block Hash="dIhfiSi/PhPDmqwiM3vQ0J7xYqdlnwskcvzKziJKhNo=" Size="30688"/><Block Hash="gAWUMPFcqT9JlFuY8PbbO0jF0ne1pUWU1QlzoIQxVv0=" Size="31030"/><Block Hash="W3vSWz1z+OWEkQ0ycsXbtpFbJaqq7LNGyJ1lIj8frOU=" Size="29237"/><Block Hash="gOQ5W90AINqShW34IWiur1CJ+eyoncvlQ7awHyeNGHk=" Size="29351"/><Block Hash="V72sXV/jhb05e8lLedzkq20wOxHK2CtKEOeUhOV9SV4=" Size="32905"/><Block Hash="YPWJyBAegD9/1oENjloQFDJeydK3icvu8r/juV/uQQA=" Size="31028"/><Block Hash="Cu4/AsgFn3NhunamXVhsXe0RcGjBgFSzsuKS4cd+x9g=" Size="31622"/><Block Hash="N5OHXfDsmjCqvnxvFTofP2+ku2uvL5e4LMEL1mYs4Hw=" Size="24051"/><Block Hash="W4geIzeDLXACht7rpYg3KfLkibIqDYc6HNDiBAbLeFE=" Size="25289"/><Block Hash="spMFWlrnquCJyAiqaxHMzijbwyJO4tLbygDEFAMolJ4=" Size="39272"/><Block Hash="APG2h+4R93x91OH8qruI2G2Q5oyU+vjM2yAbIBbu8/Y=" Size="36814"/><Block Hash="zG+Whwr+sayCp1TjiD3pJH4U+isIjGsTv7DujX4KIQw=" Size="38705"/><Block Hash="sB8VvKjhk4C0rnxgcFSkThUO36Wv7lHKZahdsNMxjZw=" Size="39489"/><Block Hash="gIsp89oIHDb2o+7PTOd+Qy8h9ZVKV9qVD/x4jqqchD4=" Size="36570"/><Block Hash="vJiYrZJAgtyBkSt/+wpbdb/4MtIvBUrtvUytbGGCOcw=" Size="34280"/><Block Hash="lap4IJ2/JUlAf+nPJrwHAdijs2U2WCdoW0CCFeyXszU=" Size="35776"/><Block Hash="TcdK/SPWZpfqTGXOslX1MB+qzXcUupX2mVdaap6bs+w=" Size="33145"/><Block Hash="8RCwGSNBB3s4t0ANI+3bSzCoIax+85DjE8Ccxjneq5w=" Size="32766"/><Block Hash="E4f/SbLtgrWVYdzRjvTYOVdl8gsTq23G+M4creRSoME=" Size="32143"/><Block Hash="kzBdDGSDQyNOllldAOm8Vjf/0DpShwWIMQOjkQUrOFU=" Size="34317"/><Block Hash="eFudnWKxgh644V7LwzYyz2QgILaS20E3JcJ+ENiWIRM=" Size="25709"/><Block Hash="13xAVZPhGMeZoY3zAHu5NWyABxA+xU+MQyy9a8DgmYI=" Size="24187"/><Block Hash="9UOvAbElrvjrqs8NWCX9v0no5mRD482T+hSSNNepTOs=" Size="24894"/><Block Hash="tQO6XFRKoWDQuOlR/9iS9KgwBn8cQfigT2g1chs1HBg=" Size="18193"/><Block Hash="wKNJBkqhC9sc+mLJUHL7pCjlXvCmk+UwO7wEb6NwoPs=" Size="25494"/><Block Hash="L53KryKf007G4nuP+qb1dH+cikOGaZ0nJfOs3yr913c=" Size="22278"/><Block Hash="KqAGCyrocWD8OpQ6MZlAmsZ51x67ZTKFoq2b3Zkp/Jw=" Size="20122"/><Block Hash="4zRFd/qt12qfsSlQBhWcGrAtLp4Uk8O0mY1IKkJkWxs=" Size="26610"/><Block Hash="6qIwLfT0pudQuCd1BqPH9HCs/27id81mW/hTHpt3uJk=" Size="23073"/><Block Hash="gBevwklRYsDRs7LvQhOTD5i6BzN5PAVkKXU7BbZhqus=" Size="15791"/><Block Hash="+2pNV/h5WEw643hjMRYLuzAJF1lU6KW5HsW/AHVKZJ0=" Size="9214"/><Block Hash="lRHA+EH8qWXi9YWqfMpccDVAxddpgByixJwAwKAC8G4=" Size="6275"/><Block Hash="mMhZRBDLn1vm6f0m/fewKWlVnUhMe1GMIaMtdT9wk4Q=" Size="5556"/><Block Hash="Eezuqu5J/Qc2SHYTV0tMoo8EHgFbK32yjlB53ZY5InM=" Size="12390"/><Block Hash="xAsSptNlXwtdgmqvWrpnWFgg4ItUu39MGivNY4WH4Is=" Size="12678"/><Block Hash="7w6Ang/Y36SbhivEhJltUBT5U36xaV8ac2OnuWIdnjo=" Size="22401"/><Block Hash="0VsaoDNMKmno8w7Nnfgiy0uviFrz9ZGSdtONhuyckGA=" Size="37061"/><Block Hash="7tLcbQkKJi0efstRUXltdX32kgunzAaj2f6vO2OrVEc=" Size="57640"/><Block Hash="Gc+DPlwp6WHzZQVB8VgessgVSUHnU2/SrF6lqgkZaEI=" Size="18482"/><Block Hash="5FZMw+vU2h3NfPmk7GPjLqrhpYSEnVo7Qp1kYJjtVBk=" Size="16197"/><Block Hash="vCRxDFyKBZS67Uq7OLaAvKUEJ5PgU5vxHayYu8/yQ1M=" Size="19909"/><Block Hash="qht3lG50WH5OHQ1PRuTeE28T4oTG8u++bc+1IiRLMAA=" Size="17812"/><Block Hash="gRYsmUrpYMzKVkABgPp1dOnYtPP/8LyP8O1f71DNcdU=" Size="17651"/><Block Hash="xKFx8AMGbxtWOOU2KC2w/2aIHJIWBIoxQ4djGLWHjf0=" Size="17018"/><Block Hash="9GZdRwQyuEfhbXqpE+2cDXlirmpYc/ZwYmhOR8jRKV8=" Size="17813"/><Block Hash="r5G9PrxBDddwvuWQqL/AROrikApXiKDzIacGCKQ3FDs=" Size="10385"/><Block Hash="DXJRvSUtmYHSrKETZB6mVV3L7Cktcu9tuYXfBzQ5o8w=" Size="2443"/><Block Hash="84d87GKP1qnSPP0pBtpOZ9L073EcJiHvO4j+N1DTDPo=" Size="6682"/><Block Hash="wdsKNSxPAEmf4iKHnzE6a9AiMG+hIfkwLQVzAJ5/zKE=" Size="7887"/><Block Hash="3SQwSkkkFwp9Z2TI6Y/3sWhD5lQnGYTBRwfJC6U6eBk=" Size="4871"/><Block Hash="uttbMD495hhajLvJzx1ovQzIUG9GNv5vKJ37NP4YkhI=" Size="4691"/><Block Hash="1qI9sPB4GY7ZS2KzTmZyvDnviQi1o7iAwYj/rDy6oAM=" Size="50291"/><Block Hash="rXxpWb7pexK6GZWXhykSZrO8Kg86OoRNgCvWCYrke98=" Size="58801"/><Block Hash="kgXn3ZAkO7Ogre+azLvuTzPG8ZeKt76ckJb0v8i5Q8M=" Size="15593"/><Block Hash="xsaDzDWHhqwcw2tEVOe4VgoHb+WQQplyMYdfH4IEe8I=" Size="9092"/><Block Hash="54khxs1iz2WQXn3H2qmomE2X3hRxqaBAvP/t2L044jw=" Size="36232"/><Block Hash="yZSJUBqpLWgoKzTBNp8P+Kj5fLLdjSXkQuBgVvchQxg=" Size="50625"/><Block Hash="TzLk3Jq2xjydoti59xrO1FSPYOGwa4964/hH13NatK4=" Size="35690"/><Block Hash="bMOPbPJhbKx2LNeJi10yBl6w8Wmca+X2aJMfOdVr9MI=" Size="7736"/></File><File Name="resources.pri" Size="5624" LfhSize="43"><Block Hash="CVQK24YKhJa+kPDRvEHSXT4Ybg0xOzGmjjT2IsS0ASI=" Size="2004"/></File><File Name="AppxManifest.xml" Size="7312" LfhSize="46"><Block Hash="n9klfWSKiKsUqEKm9ZcxFbREsyCxXsEhWasrk1nuYW4=" Size="1855"/></File></BlockMap>