<?xml version="1.0" encoding="utf-8"?>
<Package xmlns="http://schemas.microsoft.com/appx/manifest/foundation/windows10" xmlns:mp="http://schemas.microsoft.com/appx/2014/phone/manifest" xmlns:uap="http://schemas.microsoft.com/appx/manifest/uap/windows10" IgnorableNamespaces="uap mp build" xmlns:build="http://schemas.microsoft.com/developer/appx/2015/build">
  <!--
    THIS PACKAGE MANIFEST FILE IS GENERATED BY THE BUILD PROCESS.

    Changes to this file will be lost when it is regenerated. To correct errors in this file, edit the source .appxmanifest file.

    For more information on package manifest files, see http://go.microsoft.com/fwlink/?LinkID=241727
  -->
  <Identity Name="${YYProjectGuid}" Publisher="${YYPublisherCN}" Version="${YYVersionNum}" ProcessorArchitecture="x86" />
  <mp:PhoneIdentity PhoneProductId="06455a75-d4dc-4fff-8462-8d84a66367d5" PhonePublisherId="00000000-0000-0000-0000-000000000000" />
  <Properties>
    <DisplayName>${YYDisplayName}</DisplayName>
    <PublisherDisplayName>${YYPublisherDisplayName}</PublisherDisplayName>
    <Logo>Assets\StoreLogo.png</Logo>
  </Properties>
  <Dependencies>
    <TargetDeviceFamily Name="Windows.Universal" MinVersion="${YYUWPWindowsTargetPlatformMinVersion}" MaxVersionTested="${YYUWPWindowsTargetPlatformVersion}" />
    <PackageDependency Name="Microsoft.VCLibs.140.00" MinVersion="14.0.24123.0" Publisher="CN=Microsoft Corporation, O=Microsoft Corporation, L=Redmond, S=Washington, C=US" />
  </Dependencies>
  <Resources>
    <Resource Language="EN-US" />
  </Resources>
  <Applications>
    <Application Id="App" Executable="WinUAPRunner.exe" EntryPoint="WinUAPRunner.App">
      <uap:VisualElements DisplayName="${YYDisplayName}" Square150x150Logo="Assets\Logo.png" Square44x44Logo="Assets\SmallLogo.png" Description="${YYApplicationDescription}" BackgroundColor="transparent">
        <uap:DefaultTile Square71x71Logo="Assets\SmallishLogo.png" Wide310x150Logo="Assets\WideLogo.png" Square310x310Logo="Assets\LargeLogo.png"></uap:DefaultTile>
        <uap:SplashScreen Image="Assets\SplashScreen.png" BackgroundColor="${YYSplashBackgroundColour}" />
      </uap:VisualElements>
    </Application>
  </Applications>
  ${YYCapabilities}
  ${YYExtensions}
  <build:Metadata>
    <build:Item Name="cl.exe" Version="19.00.24215.1 built by: VCTOOLSD14ULDR" />
    <build:Item Name="VisualStudio" Version="14.0" />
    <build:Item Name="OperatingSystem" Version="10.0.14393.0 (rs1_release.160715-1616)" />
    <build:Item Name="Microsoft.Build.AppxPackage.dll" Version="14.0.25431.1" />
    <build:Item Name="ProjectGUID" Value="{58216323-1854-46a9-98cc-092f1d806897}" />
    <build:Item Name="ilc.exe" Version="1.4.24208.01 built by: PROJECTNGDR2" />
    <build:Item Name="OptimizingToolset" Value="ilc.exe" />
    <build:Item Name="UseDotNetNativeSharedAssemblyFrameworkPackage" Value="True" />
    <build:Item Name="UniversalGenericsOptOut" Value="false" />
    <build:Item Name="Microsoft.Windows.UI.Xaml.Build.Tasks.dll" Version="14.0.25527.1" />
    <build:Item Name="MakePri.exe" Version="10.0.14393.33 (rs1_release_sec.160727-1952)" />
  </build:Metadata>
</Package>












